,time,Av. Dens.,St. Dens.,RMS Vel.,RMS Mach
0,0.000000e+00,1.660000e-24,3.673420e-40,0.000000e+00,0.000000e+00
1,5.614773e+10,1.660000e-24,4.354185e-27,1.449896e+05,1.449896e-01
2,1.123438e+11,1.660000e-24,1.526532e-26,2.757866e+05,2.757866e-01
3,1.828149e+11,1.660000e-24,3.950658e-26,4.099484e+05,4.099484e-01
4,2.443480e+11,1.660000e-24,7.787190e-26,4.959454e+05,4.959454e-01
5,2.961758e+11,1.660000e-24,1.290388e-25,5.530635e+05,5.530635e-01
6,3.469574e+11,1.660000e-24,1.984972e-25,6.018332e+05,6.018332e-01
7,4.155907e+11,1.660000e-24,3.239014e-25,6.619122e+05,6.619122e-01
8,4.788898e+11,1.660000e-24,4.665261e-25,7.217463e+05,7.217463e-01
9,5.532380e+11,1.660000e-24,6.502889e-25,7.887178e+05,7.887178e-01
10,6.043332e+11,1.660000e-24,7.728669e-25,8.292030e+05,8.292030e-01
11,6.665544e+11,1.660000e-24,9.029193e-25,8.745457e+05,8.745457e-01
12,7.376889e+11,1.660000e-24,1.021820e-24,9.190152e+05,9.190152e-01
13,7.911714e+11,1.660000e-24,1.095673e-24,9.469116e+05,9.469116e-01
14,8.638541e+11,1.660000e-24,1.177783e-24,9.770602e+05,9.770602e-01
15,9.200628e+11,1.660000e-24,1.231204e-24,9.920348e+05,9.920348e-01
16,9.836813e+11,1.660000e-24,1.280988e-24,1.002355e+06,1.002355e+00
17,1.047853e+12,1.660000e-24,1.327374e-24,1.008272e+06,1.008272e+00
18,1.101169e+12,1.660000e-24,1.360565e-24,1.008104e+06,1.008104e+00
19,1.169717e+12,1.660000e-24,1.393910e-24,1.007597e+06,1.007597e+00
20,1.225533e+12,1.660000e-24,1.411480e-24,1.007645e+06,1.007645e+00
21,1.292361e+12,1.660000e-24,1.426243e-24,1.007076e+06,1.007076e+00
22,1.350464e+12,1.660000e-24,1.440247e-24,1.009734e+06,1.009734e+00
23,1.417111e+12,1.660000e-24,1.454463e-24,1.014316e+06,1.014316e+00
24,1.473747e+12,1.660000e-24,1.462093e-24,1.018963e+06,1.018963e+00
25,1.538223e+12,1.660000e-24,1.471123e-24,1.026815e+06,1.026815e+00
26,1.600976e+12,1.660000e-24,1.476288e-24,1.040906e+06,1.040906e+00
27,1.659601e+12,1.660000e-24,1.485571e-24,1.052963e+06,1.052963e+00
28,1.725211e+12,1.660000e-24,1.500456e-24,1.066258e+06,1.066258e+00
29,1.783161e+12,1.660000e-24,1.515088e-24,1.074178e+06,1.074178e+00
30,1.847645e+12,1.660000e-24,1.524029e-24,1.083012e+06,1.083012e+00
31,1.907674e+12,1.660000e-24,1.523979e-24,1.092748e+06,1.092748e+00
32,1.969694e+12,1.660000e-24,1.518725e-24,1.104442e+06,1.104442e+00
33,2.035666e+12,1.660000e-24,1.499476e-24,1.117786e+06,1.117786e+00
34,2.096234e+12,1.660000e-24,1.486545e-24,1.127760e+06,1.127760e+00
35,2.159740e+12,1.660000e-24,1.473948e-24,1.140460e+06,1.140460e+00
36,2.216392e+12,1.660000e-24,1.466022e-24,1.151017e+06,1.151017e+00
37,2.279749e+12,1.660000e-24,1.472875e-24,1.162793e+06,1.162793e+00
38,2.343710e+12,1.660000e-24,1.483233e-24,1.175641e+06,1.175641e+00
39,2.402558e+12,1.660000e-24,1.497835e-24,1.190661e+06,1.190661e+00
40,2.463908e+12,1.660000e-24,1.521428e-24,1.202926e+06,1.202926e+00
41,2.525414e+12,1.660000e-24,1.552077e-24,1.209454e+06,1.209454e+00
42,2.591891e+12,1.660000e-24,1.579451e-24,1.210935e+06,1.210935e+00
43,2.650990e+12,1.660000e-24,1.600953e-24,1.204747e+06,1.204747e+00
44,2.710560e+12,1.660000e-24,1.614167e-24,1.197086e+06,1.197086e+00
45,2.771972e+12,1.660000e-24,1.605694e-24,1.189961e+06,1.189961e+00
46,2.834254e+12,1.660000e-24,1.590642e-24,1.182614e+06,1.182614e+00
47,2.895336e+12,1.660000e-24,1.571266e-24,1.177102e+06,1.177102e+00
48,2.957889e+12,1.660000e-24,1.550219e-24,1.171258e+06,1.171258e+00
49,3.016529e+12,1.660000e-24,1.536941e-24,1.172666e+06,1.172666e+00
50,3.078683e+12,1.660000e-24,1.542046e-24,1.177084e+06,1.177084e+00
51,3.144949e+12,1.660000e-24,1.555695e-24,1.182142e+06,1.182142e+00
52,3.202861e+12,1.660000e-24,1.558471e-24,1.184270e+06,1.184270e+00
53,3.267460e+12,1.660000e-24,1.547829e-24,1.179100e+06,1.179100e+00
54,3.329047e+12,1.660000e-24,1.534926e-24,1.173041e+06,1.173041e+00
55,3.389703e+12,1.660000e-24,1.521469e-24,1.164211e+06,1.164211e+00
56,3.454018e+12,1.660000e-24,1.503795e-24,1.151871e+06,1.151871e+00
57,3.515614e+12,1.660000e-24,1.492999e-24,1.150151e+06,1.150151e+00
58,3.576760e+12,1.660000e-24,1.495441e-24,1.154135e+06,1.154135e+00
59,3.638718e+12,1.660000e-24,1.510174e-24,1.160737e+06,1.160737e+00
60,3.696901e+12,1.660000e-24,1.529798e-24,1.167455e+06,1.167455e+00
61,3.763442e+12,1.660000e-24,1.545454e-24,1.168247e+06,1.168247e+00
62,3.825702e+12,1.660000e-24,1.558629e-24,1.165053e+06,1.165053e+00
63,3.885780e+12,1.660000e-24,1.571483e-24,1.162803e+06,1.162803e+00
64,3.945562e+12,1.660000e-24,1.586261e-24,1.161624e+06,1.161624e+00
65,4.006489e+12,1.660000e-24,1.601766e-24,1.163263e+06,1.163263e+00
66,4.072122e+12,1.660000e-24,1.624840e-24,1.164054e+06,1.164054e+00
67,4.134826e+12,1.660000e-24,1.648737e-24,1.165054e+06,1.165054e+00
68,4.190325e+12,1.660000e-24,1.653596e-24,1.169761e+06,1.169761e+00
69,4.255659e+12,1.660000e-24,1.641365e-24,1.175765e+06,1.175765e+00
70,4.315438e+12,1.660000e-24,1.615937e-24,1.179969e+06,1.179969e+00
71,4.380997e+12,1.660000e-24,1.590495e-24,1.185260e+06,1.185260e+00
72,4.443084e+12,1.660000e-24,1.575781e-24,1.191308e+06,1.191308e+00
73,4.502687e+12,1.660000e-24,1.562414e-24,1.198427e+06,1.198427e+00
74,4.562345e+12,1.660000e-24,1.554453e-24,1.206823e+06,1.206823e+00
75,4.626880e+12,1.660000e-24,1.551020e-24,1.218338e+06,1.218338e+00
76,4.688452e+12,1.660000e-24,1.552287e-24,1.229221e+06,1.229221e+00
77,4.748771e+12,1.660000e-24,1.558630e-24,1.241195e+06,1.241195e+00
78,4.811700e+12,1.660000e-24,1.568254e-24,1.249447e+06,1.249447e+00
79,4.870797e+12,1.660000e-24,1.589845e-24,1.255371e+06,1.255371e+00
80,4.935113e+12,1.660000e-24,1.617857e-24,1.253215e+06,1.253215e+00
81,4.998434e+12,1.660000e-24,1.647590e-24,1.247941e+06,1.247941e+00
82,5.060617e+12,1.660000e-24,1.674745e-24,1.239559e+06,1.239559e+00
83,5.121964e+12,1.660000e-24,1.690074e-24,1.229034e+06,1.229034e+00
84,5.181558e+12,1.660000e-24,1.691821e-24,1.219685e+06,1.219685e+00
85,5.245521e+12,1.660000e-24,1.682854e-24,1.212612e+06,1.212612e+00
86,5.305266e+12,1.660000e-24,1.665608e-24,1.208545e+06,1.208545e+00
87,5.365323e+12,1.660000e-24,1.635823e-24,1.207296e+06,1.207296e+00
88,5.426546e+12,1.660000e-24,1.604965e-24,1.212795e+06,1.212795e+00
89,5.488395e+12,1.660000e-24,1.589672e-24,1.219593e+06,1.219593e+00
90,5.551569e+12,1.660000e-24,1.588763e-24,1.216226e+06,1.216226e+00
91,5.610512e+12,1.660000e-24,1.585567e-24,1.214392e+06,1.214392e+00
92,5.672065e+12,1.660000e-24,1.588816e-24,1.214426e+06,1.214426e+00
93,5.736670e+12,1.660000e-24,1.609823e-24,1.215676e+06,1.215676e+00
94,5.796181e+12,1.660000e-24,1.627800e-24,1.216287e+06,1.216287e+00
95,5.861869e+12,1.660000e-24,1.632601e-24,1.215315e+06,1.215315e+00
96,5.920976e+12,1.660000e-24,1.634459e-24,1.216862e+06,1.216862e+00
97,5.982550e+12,1.660000e-24,1.621632e-24,1.219606e+06,1.219606e+00
98,6.044594e+12,1.660000e-24,1.609173e-24,1.222372e+06,1.222372e+00
99,6.110076e+12,1.660000e-24,1.607816e-24,1.217536e+06,1.217536e+00
100,6.172000e+12,1.660000e-24,1.617887e-24,1.211937e+06,1.211937e+00
